say,,,,,,
great,,,,,,
where,,,,,,
help,,,,,,
through,,,,,,
much,,,,,,
before,,,,,,
line,,,,,,
right,,,,,,
too,,,,,,
means,,,,,,
old,,,,,,
any,,,,,,
same,,,,,,
tell,,,,,,
boy,,,,,,
follow,,,,,,
came,,,,,,
want,,,,,,
show,,,,,,
also,,,,,,
decided,,,,,,
contain,,,,,,
course,,,,,,
surface,,,,,,
produce,,,,,,
building,,,,,,
ocean,,,,,,
class,,,,,,
note,,,,,,
nothing,,,,,,
rest,,,,,,
carefully,,,,,,
scientists,,,,,,
inside,,,,,,
wheels,,,,,,
stay,,,,,,
green,,,,,,
known,,,,,,
island,,,,,,
week,,,,,,
less,,,,,,
machine,,,,,,
base ,,,,,,
developed,,,,,,
window,,,,,,
difference,,,,,,
distance,,,,,,
heart,,,,,,
site,,,,,,
sum,,,,,,
summer,,,,,,
wall,,,,,,
forest,,,,,,
probably ,,,,,,
yourself,,,,,,
control,,,,,,
practice,,,,,,
report,,,,,,
straight,,,,,,
rise,,,,,,
statement,,,,,,
stick,,,,,,
party,,,,,,
seeds,,,,,,
suppose,,,,,,
woman,,,,,,
coast,,,,,,
bank,,,,,,
period,,,,,,
wire,,,,,,
pay ,,,,,,
guess,,,,,,
silent,,,,,,
trade,,,,,,
rather,,,,,,
compare,,,,,,
crowd,,,,,,
poem,,,,,,
enjoy,,,,,,
elements,,,,,,
indicate,,,,,,
except,,,,,,
expect,,,,,,
flat,,,,,,
seven,,,,,,
interesting,,,,,,
sense,,,,,,
string,,,,,,
blow,,,,,,
famous,,,,,,
value,,,,,,
wings ,,,,,,
company,,,,,,
radio,,,,,,
we’ll,,,,,,
action,,,,,,
capital,,,,,,
factories,,,,,,
settled,,,,,,
yellow,,,,,,
isn’t,,,,,,
southern,,,,,,
truck,,,,,,
fair,,,,,,
printed,,,,,,
wouldn’t,,,,,,
ahead,,,,,,
chance,,,,,,
born,,,,,,
level,,,,,,
triangle,,,,,,
molecules,,,,,,
France ,,,,,,
sister,,,,,,
oxygen,,,,,,
plural,,,,,,
various,,,,,,
agreed,,,,,,
opposite,,,,,,
wrong,,,,,,
chart,,,,,,
prepared,,,,,,
pretty,,,,,,
solution,,,,,,
fresh,,,,,,
shop,,,,,,
suffix,,,,,,
especially,,,,,,
shoes,,,,,,
actually,,,,,,
nose,,,,,,
afraid,,,,,,
dead,,,,,,
sugar,,,,,,
adjective ,,,,,,
forward,,,,,,
stretched,,,,,,
experience,,,,,,
rose,,,,,,
allow,,,,,,
fear,,,,,,
workers,,,,,,
Washington,,,,,,
Greek,,,,,,
women,,,,,,
bought,,,,,,
led,,,,,,
march,,,,,,
northern,,,,,,
create,,,,,,
British,,,,,,
difficult,,,,,,
match,,,,,,
win,,,,,,
doesn’t,,,,,,
steel ,,,,,,
determine,,,,,,
evening,,,,,,
hoe,,,,,,
rope,,,,,,
cotton,,,,,,
apple,,,,,,
details,,,,,,
entire,,,,,,
corn,,,,,,
substances,,,,,,
smell,,,,,,
tools,,,,,,
conditions,,,,,,
cows,,,,,,
track,,,,,,
arrived,,,,,,
located,,,,,,
sir,,,,,,
seat,,,,,,
division,,,,,,
effect,,,,,,
underline,,,,,,
view ,,,,,,
president,,,,,,
brown,,,,,,
trouble,,,,,,
cool,,,,,,
cloud,,,,,,
lost,,,,,,
sent,,,,,,
symbols,,,,,,
wear,,,,,,
bad,,,,,,
save,,,,,,
experiment,,,,,,
engine,,,,,,
alone,,,,,,
drawing,,,,,,
east,,,,,,
choose,,,,,,
single,,,,,,
touch,,,,,,
information,,,,,,
express,,,,,,
mouth,,,,,,
yard,,,,,,
equal ,,,,,,